part_num,name,part_cat_id,part_material
10197,Technic Pin Connector Hub with 2 Perpendicular Axles,12,Plastic
10201,Bracket 1 x 2 - 1 x 4 [Rounded Corners],9,Plastic
10928,Technic Gear 8 Tooth [Reinforced],52,Plastic
11090,Bar Holder with Clip,32,Plastic
11153,Slope Curved 4 x 1 No Studs [Stud Holder with Symmetric Ridges],37,Plastic
11203,Tile Special 2 x 2 Inverted,15,Plastic
11208,"Wheel 14mm D. x 9.9mm with Centre Groove, Fake Bolts and 6 Spokes",29,Plastic
11211,Brick Special 1 x 2 with 2 Studs on 1 Side,5,Plastic
11212,Plate 3 x 3,14,Plastic
11213,Plate Round 6 x 6 with Hole,21,Plastic
11253,Sports Roller Skate,27,Plastic
11256,Hair Short Wavy with Side Part,65,Plastic
11458,Plate Special 1 x 2 with Pin Hole on Top,9,Plastic
11476,Plate Special 1 x 2 with Clip Horizontal on Side,9,Plastic
11477,Slope Curved 2 x 1 No Studs [1/2 Bow],37,Plastic
11833,Plate Round 4 x 4 with 2 x 2 Round Opening,21,Plastic
12825,Tile Special 1 x 1 with Clip with Rounded Tips,15,Plastic
13547,Slope Curved 4 x 1 Inverted,37,Plastic
13548,Wedge Sloped 45° 2 x 2 Corner,6,Plastic
13731,Brick Curved 10 x 1 [Symmetric Inside Ridges],37,Plastic
13965,Brick Arch 1 x 3 x 3 [Gothic],37,Plastic
14226c31,String with End Studs 31L Overall,31,Plastic
14417,Plate Special 1 x 2 with 5.9mm Centre Side Towball,9,Plastic
14704,Plate Special 1 x 2 5.9mm Centre Side Towball Socket,9,Plastic
14716,Brick 1 x 1 x 3,11,Plastic
14718,Panel 1 x 4 x 2 with Side Supports - Hollow Studs,23,Plastic
14719,Tile 2 x 2 Corner,19,Plastic
14769,Tile Round 2 x 2 with Bottom Stud Holder,67,Plastic
14769pr0004,Tile Round 2 x 2 with Bottom Stud Holder with Fine Mesh Grille Print,67,Plastic
15068,Slope Curved 2 x 2 x 2/3,37,Plastic
15068pr0014,Slope Curved 2 x 2 x 2/3 with 'MUSEUM' Print,37,Plastic
15070,Plate Special 1 x 1 with Vertical Tooth,9,Plastic
15100,Technic Pin Connector Hub with 1 Pin with Friction Ridges Lengthwise,12,Plastic
15207,Panel 1 x 4 x 1 with Rounded Corners [Thin Wall],23,Plastic
15208,Plate Special 1 x 2 with Three Teeth [Tri-Tooth],9,Plastic
15209,Tile Special 1 x 2 with Two Vertical Teeth / Tooth,15,Plastic
15254,Brick Arch 1 x 6 x 2 - Thin Top without Reinforced Underside [New Version],37,Plastic
15332,Fence Spindled 1 x 4 x 2 [4 Top Studs],32,Plastic
15395,Brick Round 2 x 2 Dome Bottom [Open Stud],20,Plastic
15397,Plate 3 x 3 Cross,14,Plastic
15470,Plate Round 1 x 1 Swirled Top,21,Plastic
15535,Tile Round 2 x 2 with Hole,15,Plastic
15571,Slope 45° 2 x 1 Triple with Inside Stud Holder,3,Plastic
15573,Plate Special 1 x 2 with 1 Stud with Groove and Inside Stud Holder (Jumper),9,Plastic
15672,Slope 45° 2 x 1 with 2/3 Cutout [New Version],3,Plastic
15712,Tile Special 1 x 1 with Clip with Rounded Edges,15,Plastic
16577,Brick Arch 1 x 8 x 2 Raised,37,Plastic
1703,"Animal Body Part, Horse Head (Toy Horse) [PLAIN]",75,Plastic
1745,Plate Round 1 x 2 Half Circle with Stud (Jumper),9,Plastic
1748,Tile Round 1 x 2 Half Circle,67,Plastic
18575,Technic Gear 20 Tooth Double Bevel with Axle Hole Type 1 [+ Opening],52,Plastic
18646,Plate Round Half 3 x 6 with 1 x 2 Cutout,21,Plastic
18649,Plate Special 1 x 2 with Handles on Ends,9,Plastic
18653,Brick Arch 1 x 3 x 2 Inverted [Inside Bow],37,Plastic
18654,Technic Pin Connector Round 1L [Beam],12,Plastic
18674,Plate Special Round 2 x 2 with Center Stud (Jumper Plate),9,Plastic
18677,Plate Special 1 x 2 with Pin Hole Underneath,9,Plastic
18838,Brick Arch 1 x 12 x 3 Raised Arch with 5 Cross Supports,37,Plastic
18948,Technic Driving Ring Connector,12,Plastic
18970,"Animal Body Part, Clam / Scallop Half Shell with 4 Studs",75,Plastic
18978a,Wheel Cover 5 Spoke - for Wheel 18976,29,Plastic
18978b,Wheel Cover 10 Spoke - for Wheel 18976,29,Plastic
18980,Plate Round Corners 2 x 6 Double,21,Plastic
19119,"Plant, Flower Stem with Bar and 6 Stems",76,Plastic
1927,Hinge Plate 1 x 4 Swivel Top / Base - Hollow Clip [Complete Assembly],18,Plastic
20482,Tile Round 1 x 1 with Hollow Bar,15,Plastic
21229,Fence Spindled 4 x 4 x 2 Quarter Round with 3 Studs,32,Plastic
21268,Hair Short Swept Back with Sideburns and Widow's Peak,65,Plastic
22385,Tile Special 2 x 3 Pentagonal,15,Plastic
22388,Slope 45° 1 x 1 x 2/3 Quadruple Convex [Pyramid],3,Plastic
22885,Brick Special 1 x 2 x 1 2/3 with 4 Studs on 1 Side,5,Plastic
22886,Brick 1 x 2 x 3 with Bottom Stud Holder,11,Plastic
22889,Slope Inverted 45° 6 x 2 Double with 2 x 4 Recessed,3,Plastic
22961,Technic Pin Connector Hub with 1 Axle,12,Plastic
2310,Slope 45° 2 x 1 Inverted with 2/3 Cutout,3,Plastic
23443,Bar Holder with Hole and Bar Handle,32,Plastic
2357,Brick 2 x 2 Corner,11,Plastic
23949,Slope 45° 2 x 6,3,Plastic
23950,Panel 1 x 3 x 1,23,Plastic
23969,Panel 1 x 2 x 1 with Rounded Corners and 2 Sides,23,Plastic
24122,Large Figure Weapon Lightsaber Hilt with Axle Hole and Two Bar Holders,12,Plastic
2412b,Tile Special 1 x 2 Grille with Bottom Groove,15,Plastic
2419,Wedge Plate 3 x 6 Cut Corners,49,Plastic
2420,Plate 2 x 2 Corner,14,Plastic
24201,Slope Curved 2 x 1 Inverted,37,Plastic
2423,"Plant, Leaves 4 x 3",76,Plastic
24246,Tile Round 1 x 1 Half Circle,67,Plastic
24246pr0055,Tile Round 1 x 1 Half Circle with Black/Light Bluish Grey Windows print,67,Plastic
24246pr0056,Tile Round 1 x 1 Half Circle with Black/Tan Windows print,67,Plastic
24299,Wedge Plate 2 x 2 Left,49,Plastic
24307,Wedge Plate 2 x 2 Right,49,Plastic
24309,Slope Curved 3 x 2 No Studs,37,Plastic
2431,Tile 1 x 4 with Groove,19,Plastic
24316,Technic Axle 3 with Stop,46,Plastic
2431pr0115,Tile 1 x 4 with Solar Panels Print,19,Plastic
2436,Bracket 1 x 2 - 1 x 4 [Square Corners],9,Plastic
2445,Plate 2 x 12,14,Plastic
24482,Weapon Spear Tip with Fins,73,Flexible Plastic
2449,Slope Inverted 75° 2 x 1 x 3,3,Plastic
2450,Wedge Plate 3 x 3 Cut Corner,49,Plastic
2453a,Brick 1 x 1 x 5 with Blocked Open or Hollow Stud,11,Plastic
2453b,Brick 1 x 1 x 5 with Solid Stud,11,Plastic
2454a,Brick 1 x 2 x 5 with Blocked Open Studs and Bottom Stud Holder with Asymmetric Ridges,11,Plastic
2454b,Brick 1 x 2 x 5 with Hollow Studs,11,Plastic
2456,Brick 2 x 6,11,Plastic
2458,Brick Special 1 x 2 with Pin,5,Plastic
2460,Tile Special 2 x 2 with Top Pin,15,Plastic
2465,Brick 1 x 16,11,Plastic
2476a,Plate Special 2 x 2 with Pin on Bottom,9,Plastic
24855,"Plant, Flower Stem with Bottom Bar",76,Plastic
24866,"Plant, Flower, Plate Round 1 x 1 with 5 Petals",76,Plastic
24946,Food Egg with 1.5mm Hole [Plain],27,Plastic
25269,Tile Round 1 x 1 Quarter,67,Plastic
2540,Plate Special 1 x 2 Side Handle [Free Ends],9,Plastic
2566,"Bar, 4 Top Bars, Palm Tree Top",32,Plastic
2569,Antenna 8H Whip,32,Plastic
25892,Equipment Boomerang,27,Plastic
26047,Plate Special 1 x 1 Rounded with Handle,9,Plastic
2637,Technic Link 1 x 16,26,Plastic
2639,Plate 4 x 4 Corner,14,Plastic
2654,Plate Round 2 x 2 with Rounded Bottom [Boat Stud],21,Plastic
26601,Wedge Plate 2 x 2 Cut Corner,49,Plastic
26603,Tile 2 x 3,19,Plastic
26603pr0066,Tile 2 x 3 with Dark Tan Squares print,19,Plastic
26604,Brick Special 1 x 1 with Studs on 2 Adjacent Sides,5,Plastic
2723,Technic Disc 3 x 3,26,Plastic
27263,Tile Special 2 x 2 Corner with Cut Corner - Facet,15,Plastic
2730,Technic Brick 1 x 10 [9 Pin Holes],8,Plastic
27448,Turntable 2 x 2 Female,18,Plastic
27507,"Tile 4 x 4 Curved, Macaroni",67,Plastic
2780,Technic Pin with Friction Ridges Lengthwise and Center Slots,53,Plastic
27925,"Tile 2 x 2 Curved, Macaroni",67,Plastic
27940,Technic Pin Connector Hub with 2 Axles,12,Plastic
28192,Slope 45° 2 x 1 with 2/3 Inverted Cutout and no stud,3,Plastic
28621,Minifig Head [Plain] [Vented Stud - 2 Holes],59,Plastic
2877,Brick Special 1 x 2 with Grille,5,Plastic
28974,Minifig Neckwear Bracket [One Stud] - Reinforced,71,Plastic
29119,Slope Curved 2 x 1 with Stud Notch Right,37,Plastic
29120,Slope Curved 2 x 1 with Stud Notch Left,37,Plastic
2921,Brick Special 1 x 1 with Handle,5,Plastic
298c02,Lever Small Base with Black Lever,32,Plastic
298c04,Lever Small Base with White Lever,32,Plastic
3001,Brick 2 x 4,11,Plastic
3002,Brick 2 x 3,11,Plastic
3003,Brick 2 x 2,11,Plastic
3003pr0038,Brick 2 x 2 with White Winged Lion (Griffin) Print,11,Plastic
3003pr0103,Brick 2 x 2 with Big Ben Clock print,11,Plastic
3004,Brick 1 x 2,11,Plastic
30043,Plate Special 1 x 4 with Bar Down,9,Plastic
30044,Window 1 x 2 x 2 2/3 with Rounded Top,16,Plastic
30046,Window 1 x 2 x 2 2/3 Pane Lattice Diamond with Rounded Top,16,Plastic
3004pr0044,Brick 1 x 2 with 3 Rows of 8 Black Squares print,11,Plastic
3004pr0120,Brick 1 x 2 with Light Bluish Grey/Black Window print,11,Plastic
3004pr0121,Brick 1 x 2 with Light Bluish Grey/Black Windows print,11,Plastic
3005,Brick 1 x 1,11,Plastic
30055,Fence Spindled 1 x 4 x 2 [2 Top Studs],32,Plastic
3006,Brick 2 x 10,11,Plastic
3007,Brick 2 x 8,11,Plastic
3008,Brick 1 x 8,11,Plastic
3009,Brick 1 x 6,11,Plastic
3010,Brick 1 x 4,11,Plastic
30134,Stairs 7 x 4 x 6 Straight Open,32,Plastic
30136,Brick Special 1 x 2 Palisade [aka Log],5,Plastic
30165,"Brick Curved 2 x 2, Two Top Studs",37,Plastic
30176,"Plant, Round 1 x 1 - 3 Bamboo Leaves",76,Plastic
3020,Plate 2 x 4,14,Plastic
3021,Plate 2 x 3,14,Plastic
3022,Plate 2 x 2,14,Plastic
3023,Plate 1 x 2,14,Plastic
3024,Plate 1 x 1,14,Plastic
3024pr0013,Plate 1 x 1 with Black Square Print,14,Plastic
3027,Plate 6 x 16,14,Plastic
3028,Plate 6 x 12,14,Plastic
3029,Plate 4 x 12,14,Plastic
3030,Plate 4 x 10,14,Plastic
3031,Plate 4 x 4,14,Plastic
3032,Plate 4 x 6,14,Plastic
3033,Plate 6 x 10,14,Plastic
3034,Plate 2 x 8,14,Plastic
3035,Plate 4 x 8,14,Plastic
30350b,Tile Special 2 x 3 with 2 Clips [Thick Open O Clips],15,Plastic
30357,Plate Round Corner 3 x 3,21,Plastic
3036,Plate 6 x 8,14,Plastic
30363,Slope 18° 4 x 2,3,Plastic
30367c,"Brick Round 2 x 2 Dome Top, Hollow Stud",20,Plastic
3037,Slope 45° 2 x 4,3,Plastic
30374,Bar 4L (Lightsaber Blade / Wand),32,Plastic
30375,"Torso Mechanical, Battle Droid",60,Plastic
30377,Arm Mechanical with 2 Clips [Battle Droid],60,Plastic
3038,Slope 45° 2 x 3,3,Plastic
3039,Slope 45° 2 x 2,3,Plastic
3040b,Slope 45° 2 x 1 with Bottom Pin,3,Plastic
30414,Brick Special 1 x 4 with 4 Studs on One Side,5,Plastic
3043,Slope 45° 2 x 2 Double,3,Plastic
3044c,Slope 45° 2 x 1 Double with Inside Stud Holder,3,Plastic
3045,Slope 45° 2 x 2 Double Convex,3,Plastic
3046a,Slope 45° 2 x 2 Double Concave,3,Plastic
3049d,Slope 45° 2 x 1 Double / Inverted with Bottom Stud Holder,3,Plastic
30503,Wedge Plate 4 x 4 Cut Corner,49,Plastic
30505,Wedge 3 x 3 Cut Corner,6,Plastic
30565,Plate Round Corner 4 x 4,21,Plastic
30586,Plate Special 2 x 8 with Door Rail,9,Plastic
30602,"Slope Curved 2 x 2 with Lip, No Studs",37,Plastic
3062b,Brick Round 1 x 1 Open Stud,20,Plastic
3063b,Brick Round Corner 2 x 2 Macaroni with Stud Notch,20,Plastic
3065,Brick 1 x 2 without Bottom Tube,11,Plastic
3068b,Tile 2 x 2 with Groove,19,Plastic
3068bpr0197,Tile 2 x 2 with Sailing Ship and Moon Print,19,Plastic
3068bpr0354,Tile 2 x 2 with Colored Kitten with Party Hat Print,19,Plastic
3069b,Tile 1 x 2 with Groove,19,Plastic
3069bpr0218,Tile 1 x 2 with 'Welcome to Fabulous Las Vegas Nevada' Print,19,Plastic
3069bpr0286,Tile 1 x 2 with US Flag print,19,Plastic
3069bpr9996,"Tile 1 x 2 with Red Squares, Arrows print",19,Plastic
3070b,Tile 1 x 1 with Groove,19,Plastic
3070bpr0160,"Tile 1 x 1 with Black Cross, Dark Bluish Grey/Dark Red Button print",19,Plastic
3070bpr0191,Tile 1 x 1 with Triangle print,19,Plastic
3070bpr0192,"Tile 1 x 1 with Rainbow, Sand Red, Yellow, Dark Azure, Medium Blue, Dark Purple print",19,Plastic
3070bpr0195,Tile 1 x 1 with Unicorn Painting print,19,Plastic
3070bpr0196,"Tile 1 x 1 with Swirl, Van Gogh Painting print",19,Plastic
3070bpr0199,"Tile 1 x 1 with Rainbow, Sand Red, Yellow, Dark Azure, Medium Blue, Dark Purple, Cloud print",19,Plastic
3070bpr0213,Tile 1 x 1 with White Lines/Stripes print,19,Plastic
3070bpr9884,Tile 1 x 1 with White Star print,19,Plastic
3172,Plate Special 1 x 2 with Pin Hole On Side,9,Plastic
3176,"Plate Special 3 x 2 with Rounded End, Hole",9,Plastic
32000,Technic Brick 1 x 2 [2 Pin Holes],8,Plastic
32002,Technic Pin 3/4,53,Plastic
32013,Technic Axle and Pin Connector Angled #1,12,Plastic
32016,Technic Axle and Pin Connector Angled #3 - 157.5°,12,Plastic
32018,Technic Brick 1 x 14 [13 Pin Holes],8,Plastic
32028,Plate Special 1 x 2 with Door Rail,9,Plastic
32034,Technic Axle and Pin Connector Angled #2 - 180°,12,Plastic
32062,Technic Axle 2 Notched,46,Plastic
32064a,Technic Brick 1 x 2 with Axle Hole Type 1 [+ Opening] and Bottom Pin,8,Plastic
32073,Technic Axle 5,46,Plastic
32123b,Technic Bush 1/2 Smooth with Axle Hole Semi-Reduced,54,Plastic
32124,"Technic Plate 1 x 5 with Smooth Ends, 4 Studs and Centre Axle Hole",26,Plastic
32125,Technic Plate Rotor 3 Blade with Smooth Ends and 6 Studs (Propeller),26,Plastic
32198,Technic Gear 20 Tooth Bevel,52,Plastic
32199,"Axle Hose, Soft 11L",30,Plastic
32200,"Axle Hose, Soft 12L",30,Plastic
32202,"Axle Hose, Soft 16L",30,Plastic
32235,"Axle Hose, Soft 19L",30,Plastic
32249,Technic Beam 3 x 3 L-Shape with Quarter Ellipse Thin,51,Plastic
32294,Technic Wishbone Suspension Arm 9L,25,Plastic
3245c,Brick 1 x 2 x 2 with Inside Stud Holder,11,Plastic
32474,Technic Ball Joint,26,Plastic
32532,Technic Brick 6 x 8 with 4 x 6 Opening,8,Plastic
32556,Technic Pin Long without Friction Ridges,53,Plastic
32580,"Axle Hose, Soft 7L",30,Plastic
32602,Hair Wavy and Windblown to One Side,65,Plastic
32607,"Plant, Plate 1 x 1 Round with 3 Leaves",76,Plastic
3262,"Brick Round 2 x 2 Dome Top, Vented Stud",20,Plastic
32803,Slope Curved 2 x 2 x 2/3 Inverted,37,Plastic
32828,Plate Round 1 x 1 with Hollow Stud and Horizontal Bar 1L,9,Plastic
32952,Brick Special 1 x 1 x 1 2/3 with Studs on 1 Side,5,Plastic
3297,Slope 33° 3 x 4,3,Plastic
3298,Slope 33° 3 x 2,3,Plastic
3299,Slope 33° 2 x 4 Double,3,Plastic
3300,Slope 33° 2 x 2 Double,3,Plastic
3307,Brick Arch 1 x 6 x 2 - Thick Top with Reinforced Underside,37,Plastic
33078,Food Hot Dog / Sausage,27,Plastic
33291,"Plant, Flower, Plate Round 1 x 1 with 4 Petals",76,Plastic
33320,"Animal, Frog",28,Plastic
3386,Plate 1 x 1 x 2/3 Half Round with Side Stud,9,Plastic
33909,Plate Special 2 x 2 with Only 2 studs,9,Plastic
34103,Plate Special 1 x 3 with 2 Studs with Groove and Inside Stud Holder (Jumper),9,Plastic
3456,Plate 6 x 14,14,Plastic
3460,Plate 1 x 8,14,Plastic
3484,Bar 1L with Clip [Cut Edges and One Side Hole] [Full Clip],32,Plastic
35044,Plate Special 4 x 4 with 3 x 3 Quarter Round Cutout,21,Plastic
35299,Windscreen 3 x 6 x 1 Curved with Rectangular Stud Holder in Bottom,47,Plastic
35299pr0002,Windscreen 3 x 6 x 1 Curved with Light Bluish Gray Stripe and Dark Bluish Gray Squares Print,47,Plastic
35394pr9970,Dish 4 x 4 with Notre Dame Window print,21,Plastic
3545,"Wedge Plate 8 x 3, 8° Right",49,Plastic
35459,Tile Special 1 x 3 Inverted with Center Hole,15,Plastic
35464,Slope Double 45° 1 x 1,3,Plastic
35480,Plate Special 1 x 2 Rounded with 2 Open Studs,21,Plastic
3563,"Brick Curved 1 x 2 x 2/3 Double Curved Top, No Studs",37,Plastic
35787,Tile 45° Cut 2 x 2 (Triangle),15,Plastic
3622,Brick 1 x 3,11,Plastic
3623,Plate 1 x 3,14,Plastic
3626b,Minifig Head [Plain] [Blocked Open Stud],59,Plastic
3626c,Minifig Head [Plain] [Hollow Stud],59,Plastic
3633,Fence Lattice 1 x 4 x 1,32,Plastic
3649,Technic Gear 40 Tooth,52,Plastic
3659,Brick Arch 1 x 4,37,Plastic
3660,"Slope Inverted 45° 2 x 2 [Ovoid Bottom Pin, Bar-sized Stud Holes]",3,Plastic
3665,Slope Inverted 45° 2 x 1,3,Plastic
3666,Plate 1 x 6,14,Plastic
3673,Technic Pin without Friction Ridges Lengthwise,53,Plastic
3675,Slope 33° 3 x 3 Double Convex,3,Plastic
36752a,Equipment Wand [Individual],27,Plastic
3678b,Slope 65° 2 x 2 x 2 with Bottom Tube,3,Plastic
3679,Turntable 2 x 2 Plate - Top,18,Plastic
3680,"Turntable 2 x 2 Plate, Base",18,Plastic
36840,Bracket 1 x 1 - 1 x 1 Inverted,9,Plastic
36841,Bracket 1 x 1 - 1 x 1,9,Plastic
3685,Slope 75° 2 x 2 x 3 Double Convex,3,Plastic
3688,Slope 75° 2 x 2 x 2 Quadruple Convex,3,Plastic
3700,Technic Brick 1 x 2 [1 Pin Hole],8,Plastic
3701,Technic Brick 1 x 4 [3 Pin Holes],8,Plastic
3705,Technic Axle 4,46,Plastic
3706,Technic Axle 6,46,Plastic
3707,Technic Axle 8,46,Plastic
3708,Technic Axle 12,46,Plastic
3709,Technic Plate 2 x 4 [3 Holes],9,Plastic
3710,Plate 1 x 4,14,Plastic
37195,Wheel Cover / Hub Cap 28 Spokes 18mm D.,29,Plastic
37352,Brick Curved 1 x 2 x 1 No Studs,37,Plastic
3737,Technic Axle 10,46,Plastic
3743,Technic Gear Rack 1 x 4,52,Plastic
3747b,"Slope Inverted 33° 3 x 2, Connections between Studs, Ovoid Bottom Pin",3,Plastic
37695,"Plant, Stem with 3 Leaves and Bottom Pin",76,Plastic
37762,Equipment Candlestick,27,Plastic
3794a,Plate Special 1 x 2 with 1 Stud without Groove (Jumper),9,Plastic
3794b,Plate Special 1 x 2 with 1 Stud with Groove (Jumper),9,Plastic
3795,Plate 2 x 6,14,Plastic
3830,Hinge Brick 1 x 4 [Upper],18,Plastic
3831,Hinge Brick 1 x 4 [Lower],18,Plastic
3832,Plate 2 x 10,14,Plastic
38320,Window Pane Latticed 1 x 2 x 2,16,Plastic
3846,Shield Triangular,73,Plastic
3857,Baseplate 16 x 32,1,Plastic
38583,Brick Special Arch 1 x 2 Jumper,37,Plastic
38585,Brick Special Arch 1 1/2 x 1 1/2 Corner,37,Plastic
38799,Equipment Cup / Teacup Saucer with Recessed Stud on Top [PLAIN],27,Plastic
3900,Equipment Signal Paddle,27,Plastic
3937,Hinge Brick 1 x 2 Base,18,Plastic
3938,Hinge Brick 1 x 2 Top Plate Thin,18,Plastic
3941,Brick Round 2 x 2 with Axle Hole,20,Plastic
3941pr0009,Brick Round 2 x 2 with Axle Hole with Dark Bluish Grey/Black Windows print,20,Plastic
3941pr0010,Brick Round 2 x 2 with Axle Hole with Dark Bluish Grey/Black Window print,20,Plastic
3941pr0011,Brick Round 2 x 2 with Axle Hole with Dark Bluish Grey/Black Window print,20,Plastic
3942c,"Cone 2 x 2 x 2, Open Stud",20,Plastic
3957a,Antenna 1 x 4 with Rounded Top,32,Plastic
3957b,Antenna 1 x 4 with Flat Top,32,Plastic
3958,Plate 6 x 6,14,Plastic
3960,Dish 4 x 4 Inverted [Radar],21,Plastic
4032a,Plate Round 2 x 2 with Axle Hole Type 1 (+ Opening),21,Plastic
4032b,Plate Round 2 x 2 with Axle Hole Type 2 (X Opening),21,Plastic
4070,Brick Special 1 x 1 with Headlight,5,Plastic
4081b,"Plate Special 1 x 1 with Clip Light, Bar Hole [Thick Ring]",9,Plastic
4085c,Plate Special 1 x 1 with Clip Vertical [Thick U Clip],9,Plastic
4150,Tile Round 2 x 2 with Bottom Cross,67,Plastic
4150pr0001,Tile Round 2 x 2 with Clock Print,67,Plastic
4151b,Plate Special 8 x 8 with Grille [Hole in Center],9,Plastic
41539,Plate 8 x 8,14,Plastic
4162,Tile 1 x 8 with Groove,19,Plastic
4162pr0001,Tile 1 x 8 with Sydney print,19,Plastic
4162pr0002,Tile 1 x 8 with 'Chicago' Print,19,Plastic
4162pr0003,Tile 1 x 8 with 'Fallingwater' Print,19,Plastic
4162pr0004,"Tile 1 x 8 with ""The White House"" Print",19,Plastic
4162pr0005,"Tile 1 x 8 with ""Burj Khalifa"" Print",19,Plastic
4162pr0007,"Tile 1 x 8 with ""Farnsworth House"" Print",19,Plastic
4162pr0008,Tile 1 x 8 with 'John Hancock Center' Print,19,Plastic
4162pr0009,Tile 1 x 8 with 'Sears Tower' Print,19,Plastic
4162pr0010,Tile 1 x 8 with 'Seattle Space Needle' Print,19,Plastic
4162pr0011,"Tile 1 x 8 with ""Robie House"" Print",19,Plastic
4162pr0012,"Tile 1 x 8 with ""Brandenburg Gate"" Print",19,Plastic
4162pr0013,Tile 1 x 8 with 'SYDNEY OPERA HOUSE' Print,19,Plastic
4162pr0014,"Tile 1 x 8 with ""Brandenburger Tor"" Print",19,Plastic
4162pr0017,"Tile 1 x 8 with ""Big Ben"" Print",19,Plastic
4162pr0019,"Tile 1 x 8 with ""Villa Savoye"" Print",19,Plastic
4162pr0020,Tile 1 x 8 with 'Leaning Tower Of Pisa' Print,19,Plastic
4162pr0022,"Tile 1 x 8 with ""Sungnyemun"" Print",19,Plastic
4162pr0023,Tile 1 x 8 with 'Imperial Hotel' Print,19,Plastic
4162pr0028,"Tile 1 x 8 with ""United Nations"" Print",19,Plastic
4162pr0029,"Tile 1 x 8 with ""Headquarters"" Print Justified Left",19,Plastic
4162pr0030,"Tile 1 x 8 with ""The Eiffel Tower"" Print (Set 21019)",19,Plastic
4162pr0031,"Tile 1 x 8 with ""La tour Eiffel"" Print (Set 21019)",19,Plastic
4162pr0032,Tile 1 x 8 with 'Marina Bay Sands' Print,19,Plastic
4162pr0035,Tile 1 x 8 with 'Trevi Fountain' Print,19,Plastic
4162pr0036,Tile 1 x 8 with 'LEGO® House' Print,19,Plastic
4162pr0037,Tile 1 x 8 with 'Flatiron Building' Print,19,Plastic
4162pr0040,Tile 1 x 8 with 'Louvre' Print,19,Plastic
4162pr0043,Tile 1 x 8 with 'Venice' print,19,Plastic
4162pr0044,Tile 1 x 8 with 'Berlin' print,19,Plastic
4162pr0045,Tile 1 x 8 with 'New York City' print,19,Plastic
4162pr0046,Tile 1 x 8 with 'Buckingham Palace' Print,19,Plastic
4162pr0047,Tile 1 x 8 with 'United States Capitol Building' Print,19,Plastic
4162pr0050,Tile 1 x 8 with London print,19,Plastic
4162pr0051,Tile 1 x 8 with 'THE SOLOMON R GUGGENHEIM' Print,19,Plastic
4162pr0053,Tile 1 x 8 with 'Lincoln Memorial' Print,19,Plastic
4162pr0055,Tile 1 x 8 with 'Arc de Triomphe' Print (21036-1),19,Plastic
4162pr0057,Tile 1 x 8 with 'Las Vegas' Print,19,Plastic
4162pr0058,Tile 1 x 8 with 'Shanghai' Print,19,Plastic
4162pr0060,Tile 1 x 8 with 'Statue of Liberty' print,19,Plastic
4162pr0061,Tile 1 x 8 with 'Great Wall Of China' print,19,Plastic
4162pr0062,"Tile 1 x 8 with Chinese Characters for ""Great Wall of China"" (长城) Print",19,Plastic
4162pr0066,Tile 1 x 8 with 'San Francisco' print,19,Plastic
4162pr0067,Tile 1 x 8 with Paris print,19,Plastic
4162pr0068,"Tile 1 x 8 with ""Empire State Building"" print",19,Plastic
4162pr0069,"Tile 1 x 8 with ""Trafalgar Square"" print",19,Plastic
4162pr0071,Tile 1 x 8 with White 'Dubai' print,19,Plastic
4162pr0072,Tile 1 x 8 with White 'Tokyo' print,19,Plastic
4162pr0075,Tile 1 x 8 with 'White House' print,19,Plastic
4162pr0082,Tile 1 x 8 with Taj Mahal print,19,Plastic
4162pr0087,Tile 1 x 8 with 'SINGAPORE' print,19,Plastic
4162pr0091,Tile 1 x 8 with Hieroglyphs Print,19,Plastic
4162pr0099,Tile 1 x 8 with Himeji Castle print,19,Plastic
4162pr0100,Tile 1 x 8 with Japanese Characters (Himeji Castle) print,19,Plastic
4162pr0120,Tile 1 x 8 with 'Trevi Fountain' Print,19,Plastic
4162pr0122,Tile 1 x 8 with 'Neuschwanstein Castle' print,19,Plastic
4162pr0127,Tile 1 x 8 with 'City of Love' print,19,Plastic
4162pr9983,Tile 1 x 8 with 'Notre-Dame de Paris' print,19,Plastic
4162pr9987,Tile 1 x 8 with 'The Great Pyramid of Giza' Print,19,Plastic
4162pr9992,Tile 1 x 8 with 'Willis Tower' Print,19,Plastic
41669,Technic Tooth 1 x 3 with Axle Hole [Rounded Underside],26,Plastic
41682,Bracket 2 x 2 with 1 x 2 Vertical Studs,9,Plastic
41740,Plate Special 1 x 4 with 2 Studs with Groove [New Underside],9,Plastic
41767,Wedge 4 x 2 Right,6,Plastic
41768,Wedge 4 x 2 Left,6,Plastic
41769,Wedge Plate 4 x 2 Right,49,Plastic
41770,Wedge Plate 4 x 2 Left,49,Plastic
4185,Technic Wedge Belt Wheel [aka Pulley],29,Plastic
4190,"Plate Special 2 x 2 with Double Inverted Curve, 1 Stud",9,Plastic
4204,Brick 8 x 16,11,Plastic
4216,Brick Special 1 x 2 with Groove,5,Plastic
4274,Technic Pin 1/2,53,Plastic
4282,Plate 2 x 16,14,Plastic
4286,Slope 33° 3 x 1,3,Plastic
4287b,Slope Inverted 34° 3 x 1 with Internal Stopper,3,Plastic
4287c,Slope Inverted 33° 3 x 1 with Internal Stopper and No Front Stud Connection,3,Plastic
42918pr0003,"Slope Curved 8 x 2 No Studs with Dark Blue Background, White Diamond Pattern print",37,Plastic
42918pr0004,"Slope Curved 8 x 2 No Studs with Dark Blue Background, White Diamond Pattern, Circle print",37,Plastic
42924,"Technic Pin Long with Friction Ridges Lengthwise, 1 Center Slot",53,Plastic
4304,Plate Special 2 x 2 x 2/3 with Two Studs On Side and Two Raised [Half Hollow Anti-stud] - Updated Version,9,Plastic
43093,Technic Axle Pin with Friction Ridges Lengthwise,53,Plastic
43337,Panel 1 x 4 x 1 with Rounded Corners [Thick Wall],23,Plastic
43710,Wedge Sloped 4 x 2 Triple Left,6,Plastic
43711,Wedge Sloped 4 x 2 Triple Right,6,Plastic
43712,Wedge Curved 6 x 4 Triple,6,Plastic
43719,Wedge Plate 4 x 4 with 2 x 2 Cutout,49,Plastic
43722,Wedge Plate 3 x 2 Right,49,Plastic
43723,Wedge Plate 3 x 2 Left,49,Plastic
43888,Support Round 1 x 1 x 6 Solid Pillar,34,Plastic
43898,Dish 3 x 3 Inverted [Radar],21,Plastic
44294,Technic Axle 7,46,Plastic
44375a,Dish 6 x 6 Inverted (Radar) with Hollow Studs,21,Plastic
44375b,Dish 6 x 6 Inverted (Radar) with Solid Studs,21,Plastic
4445,Slope 45° 2 x 8,3,Plastic
4460b,Slope 75° 2 x 1 x 3 with Hollow Stud,3,Plastic
44709,Weapon Gun / Blaster with Studs on Side,73,Plastic
44728,Bracket 1 x 2 - 2 x 2,9,Plastic
4477,Plate 1 x 10,14,Plastic
44861,Plate Special 1 x 2 [Open O Top Clip],9,Plastic
4490,Brick Arch 1 x 3,37,Plastic
4510,Plate Special 1 x 8 with Door Rail,9,Plastic
4519,Technic Axle 3,46,Plastic
4569,Slope 1 x 6 x 1 with 1 x 2 x 1/3 Cutout,3,Plastic
4588,"Brick Round 1 x 1 with Fins, Open Stud",20,Plastic
4595,Brick Special 1 x 2 x 2/3 with Studs on Sides,5,Plastic
4599b,Tap 1 x 1 without Hole in Spout,27,Plastic
4697b,Pneumatic T-Piece (T Bar) [New Style],22,Plastic
4733,Brick Special 1 x 1 Studs on 4 Sides,5,Plastic
47397,Wedge Plate 12 x 3 Left,49,Plastic
4740,Dish 2 x 2 Inverted [Radar],21,Plastic
4742,Cone 4 x 4 x 2 Hollow No Studs,20,Plastic
47457,Brick Curved 2 x 2 x 2/3 Two Studs and Curved Slope End,37,Plastic
47753,Wedge Curved 4 x 4 No Top Studs,6,Plastic
47905,Brick Special 1 x 1 with Studs on 2 Sides,5,Plastic
48092,Brick Round Corner 4 x 4 Macaroni Wide with 3 Studs,20,Plastic
48267,Technic Tooth 1 x 3 with Axle Hole [Hollow Underside],26,Plastic
48336,Plate Special 1 x 2 [Side Handle Closed Ends],9,Plastic
4865a,Panel 1 x 2 x 1 [Square Corners],23,Plastic
4865b,Panel 1 x 2 x 1 [Rounded Corners],23,Plastic
4865bpr0001,Panel 1 x 2 x 1 [Rounded Corners] with Brick Wall and Tunnel Print,23,Plastic
4865bpr0002,Panel 1 x 2 x 1 [Rounded Corners] with Sand Green and Dark Green Arrows Print,23,Plastic
4865bpr0003,Panel 1 x 2 x 1 [Rounded Corners] with Blue Sky and City Skyline Print,23,Plastic
48729b,Bar 1L with Clip [Cut Edges and One Side Hole] [Gap in Clip],32,Plastic
49153,Tile Special 2 x 2 with Top Pin [Squared Holes],15,Plastic
49307,"Brick Curved 1 x 1 x 2/3 Double Curved Top, No Studs",37,Plastic
49308,Brick Round 3 x 3 Dome with Center Stud,20,Plastic
49612,Brick Round Corner 4 x 4 x 3 Quarter Dome Top,20,Plastic
49656pat0010,Geode / Rock with Trans-Orange Crystal,33,Plastic
49668,Plate Special 1 x 1 with Tooth,9,Plastic
5091,Tile 1 x 2 with Stud Notch Left,15,Plastic
5092,Tile 1 x 2 with Stud Notch Right,15,Plastic
50950,Slope Curved 3 x 1 No Studs,37,Plastic
50990b,Dish 10 x 10 Inverted (Radar) with Solid Studs,21,Plastic
51239,Window Frame 1 x 3 x 3,16,Plastic
5152,Brick Round Corner 3 x 3 Macaroni with 2 Studs,20,Plastic
51739,Wedge Plate 2 x 4,49,Plastic
52107,Brick Special 1 x 2 with Studs on 2 Sides,5,Plastic
5264,Plate Round 1 x 1 with Hollow Stud and Underside Clip,9,Plastic
5404,Slope 18° 2 x 1 x 2/3,3,Plastic
54200,Slope 30° 1 x 1 x 2/3 (Cheese Slope),3,Plastic
54383,Wedge Plate 6 x 3 Right,49,Plastic
54384,Wedge Plate 6 x 3 Left,49,Plastic
5654,Slope 1 x 4 with 1 x 2 Cutout,3,Plastic
57585,Technic Axle Connector Hub with 3 Axles at 120°,12,Plastic
58176,Light Cover 1 x 1 Round with Internal Bar / Bionicle Barraki Eye,32,Plastic
59230,Arm Mechanical Straight (Droid) [2 Clips at 90°],60,Plastic
59349,Panel 1 x 6 x 5,23,Plastic
59426,Technic Axle 5.5 with Stop [Rounded Short End],46,Plastic
59443,Technic Axle Connector Smooth [with x Hole + Orientation],12,Plastic
59900,Cone 1 x 1 [Top Groove],20,Plastic
6003,Plate Round Corner 6 x 6,21,Plastic
6005,Brick Arch 1 x 3 x 2 Curved Top,37,Plastic
6019,Plate Special 1 x 1 with Clip Horizontal [Thick U Clip],9,Plastic
60470b,Plate Special 1 x 2 with Clips Horizontal [Open O Clips],9,Plastic
60474,Plate Round 4 x 4 with Pin Hole,21,Plastic
60475b,"Brick Special 1 x 1 with Clip Vertical [Open O Clip, Hollow Stud]",5,Plastic
60476,Brick Special 1 x 1 with Clip Horizontal,5,Plastic
60477,Slope 18° 4 x 1,3,Plastic
60478,Plate Special 1 x 2 with Handle on End [Closed Ends],9,Plastic
60479,Plate 1 x 12,14,Plastic
60481,Slope 65° 2 x 1 x 2,3,Plastic
60483,Technic Beam 1 x 2 Thick with Pin Hole and Axle Hole,51,Plastic
60581,Panel 1 x 4 x 3 [Side Supports / Hollow Studs],23,Plastic
6059,Panel 3 x 3 x 6 Corner Convex with Curved Top,23,Plastic
60592,Window 1 x 2 x 2 Flat Front,16,Plastic
60593,Window 1 x 2 x 3 Flat Front,16,Plastic
60596,Door Frame 1 x 4 x 6 Type 2,16,Plastic
60601,Glass for Window 1 x 2 x 2 Flat,16,Plastic
6081,Brick Curved 2 x 4 x 1 1/3,37,Plastic
60897,Plate Special 1 x 1 with Clip Vertical [Thick Open O Clip],9,Plastic
6091,Brick Curved 1 x 2 x 1 1/3 with Curved Top,37,Plastic
6106,Wedge Plate 6 x 6 Cut Corner,49,Plastic
6111,Brick 1 x 10,11,Plastic
6112,Brick 1 x 12,11,Plastic
6124,Equipment Magic Wand,27,Plastic
61252,Plate Special 1 x 1 with Clip Horizontal [Thick Open O Clip],9,Plastic
61332,Technic Pin with Friction Ridges Lengthwise with No Center Slots,53,Plastic
6134,Hinge Brick 2 x 2 Top Plate Thin,18,Plastic
61406pat0009,Plate Special 1 x 2 with Angular Extension and Flexible White Tip,9,Plastic
61409,Slope 18° 2 x 1 x 2/3 with 4 Slots / Grate,3,Plastic
6141,Plate Round 1 x 1 with Solid Stud,21,Plastic
61482,Equipment Handcuffs,27,Plastic
61485,"Turntable 4 x 4 Square Base, Locking",18,Plastic
61678,Slope Curved 4 x 1 No Studs [Stud Holder with Asymmetric Ridges],37,Plastic
6177b,Plate Special Round 8 x 8 with 2 x 2 Center Studs with Groove,9,Plastic
6179,Plate Special 4 x 4 with Studs on One Edge [Plain],9,Plastic
6180,Plate Special 4 x 6 with Studs on 3 Edges,9,Plastic
6182,Brick Arch 1 x 4 x 2,37,Plastic
6191,"Brick Curved 1 x 4 x 1 1/3 No Studs, Lowered Inside Support",37,Plastic
6192b,"Brick Curved 2 x 4 Double, No Studs, with Groove",37,Plastic
6223,Brick 2 x 2 without Inside Ridges,11,Plastic
6231,Panel 1 x 1 x 1 Corner,23,Plastic
6232,Brick Special 2 x 2 with Pin and Axle Hole,5,Plastic
6233,Cone 3 x 3 x 2,20,Plastic
62361,"Wheel Arch, Mudguard, 1 1/2 x 6 x 1 [Arch Extended]",36,Plastic
62462,Technic Pin Connector Round [Slotted],12,Plastic
6259,Cylinder Half 2 x 4 x 4,20,Plastic
62701,Wheel Cover 9 Spoke - 24mm D.,29,Plastic
63864,Tile 1 x 3,19,Plastic
63868,Plate Special 1 x 2 with Clip Horizontal on End,9,Plastic
63965,Bar 6L with Stop Ring,32,Plastic
64225,Wedge Curved 4 x 3 No Studs [Plain],6,Plastic
64644,"Equipment Telescope / Torch / Spyglass, Support Round 1 x 1 x 1 2/3",27,Plastic
64647,"Flame / Headwear Accessory Plume / Feather, Triple Point",69,Plastic
64727,Weapon Spike Flexible 3.5L,73,Plastic
64799,Plate Special 4 x 4 with 2 x 2 Opening,9,Plastic
64847,"Animal Body Part, Horn (Cattle)",75,Plastic
6536,Technic Axle and Pin Connector Perpendicular,12,Plastic
6541,Technic Brick 1 x 1 with Pin Hole,8,Plastic
65426,Wedge Plate 2 x 4 27° Right,49,Plastic
65429,Wedge Plate 2 x 4 27° Left,49,Plastic
65509,Plate Special 2 x 4 with Groove and Two Center Studs (Jumper),9,Plastic
6558,"Technic Pin Long with Friction Ridges Lengthwise, 2 Center Slots",53,Plastic
6589,Technic Gear 12 Tooth Bevel,52,Plastic
6636,Tile 1 x 6 with Groove,19,Plastic
6636pr0001,"Tile 1 x 6 with ""Solomon"" Print",19,Plastic
6636pr0002,"Tile 1 x 6 with ""R. Guggenheim"" Print",19,Plastic
6636pr0003,"Tile 1 x 6 with ""Museum"" Print",19,Plastic
6636pr0009,Tile 1 x 6 with White 'Rockefeller' Print Justified Right,19,Plastic
6636pr0010,Tile 1 x 6 with White 'Center®' Print Justified Left,19,Plastic
67095,Tile Round 3 x 3,67,Plastic
67329,Brick Special 1 x 2 x 1 2/3 with 8 Studs on 3 Sides,5,Plastic
68013,"Brick Round, Half 1 x 2",20,Plastic
69729,Tile 2 x 6,19,Plastic
70681,"Brick Curved, 3 x 1 with 1/3 Inverted Cutout",37,Plastic
7202,Dome 6 x 3 x 3 Half,20,Plastic
72132,"Plate Special 2 x 6 x 2/3 with 4 Studs on Side, 3 Support Walls on Bottom",9,Plastic
7307,Ladder 1 x 4,32,Plastic
73109,Technic Brick Special 1 x 2 with Pin Hole and 1 x 2 Plate,8,Plastic
73111,Brick Round 3 x 3 x 2 Recessed Center with 2 x 2 Studs and Axle Hole,20,Plastic
73562,Bracket 3 x 2 x 1 1/3 with Bottom Stud Holder,5,Plastic
73825,Bracket 1 x 1 - 1 x 2 Inverted,9,Plastic
73831,Plate 2 x 3 with 1 x 1 Cutout,14,Plastic
73983,Hinge Plate 1 x 4 Swivel Top / Base - Solid Clip [Complete Assembly],18,Plastic
75937,"Plate Special 2 x 2 with Bar Frame Octagonal, Reinforced, Completely Round Studs",9,Plastic
75c08,Hose Rigid 3mm D. 8L / 6.4cm,30,Plastic
75c14,Hose Rigid 3mm D. 14L / 11.2cm,30,Plastic
75c16,Hose Rigid 3mm D. 16L / 12.8cm,30,Plastic
75c20,Hose Rigid 3mm D. 20L / 16cm,30,Plastic
75c24,Hose Rigid 3mm D. 24L / 19.2cm,30,Plastic
75c26,Hose Rigid 3mm D. 26L / 20.8cm,30,Plastic
76959,"Slope Inverted 45° 2 x 2 [Round Hollow Bottom Pin, Bar-sized Stud Holes]",3,Plastic
77808,Brick Special 1 x 2 Rounded with Center Bars,5,Plastic
77844,Plate 3 x 3 Corner,14,Plastic
77845,Plate Special 1 x 4 Rounded with 2 Open Studs,21,Plastic
77850,Plate Special 1 x 3 Rounded with 3 Open Studs,21,Plastic
78168,Plate Special 2 x 6 with Wall Mount Hook,9,Plastic
78256,Plate Special 1 x 2 with Clip Vertical on End,9,Plastic
78258,Bar 2L with Stop in Center,32,Plastic
78329,Plate 1 x 5,14,Plastic
78443,Wedge Plate 6 x 2 Left,49,Plastic
78666,Brick Curved 2 x 1 with Inverted Cutout,37,Plastic
79194,Plate Round 1 x 1 with Hollow Stud and Bar on Underside - Long Space,9,Plastic
79389,Bracket 1 x 1 - 1 x 2,9,Plastic
79741,Equipment Cutlery - Fork,27,Plastic
79756,"Brick Curved 1 x 4 x 2/3 Double, No Studs",37,Plastic
79757,"Brick Curved 2 x 2 x 2/3 Double, Corner, No Studs",37,Plastic
80543,Brick Arch 1 x 4 x 3,37,Plastic
80796,Brick Special 1 x 2 x 1 2/3 with 8 Studs on 2 Sides,5,Plastic
85080,Brick Round Corner 2 x 2 Macaroni with Stud Notch and Reinforced Underside [New Style],20,Plastic
85861,Plate Round 1 x 1 with Open Stud,21,Plastic
85863,Microfig [PLAIN],13,Plastic
85975,Cone 1.17 x 1.17 x 2/3 (Fez),20,Plastic
85984,Slope 30° 1 x 2 x 2/3,3,Plastic
86208,Weapon Gun / Torch (Space) [No Grooves],73,Plastic
86500,Dome Hemisphere 4 x 4,20,Plastic
86876,"Brick Special 1 x 2 with 1 Center Stud on 1 Side, Bottom Stud Holder",5,Plastic
86996,Plate 1 x 1 x 2/3 with Open Stud,14,Plastic
87079,Tile 2 x 4 with Groove,19,Plastic
87081,Brick Round 4 x 4 Centre Hole,20,Plastic
87087,Brick Special 1 x 1 with Stud on 1 Side,5,Plastic
87421,Panel 3 x 3 x 6 Corner Wall without Bottom Indentations,23,Plastic
87544,Panel 1 x 2 x 3 [Side Supports / Hollow Studs],23,Plastic
87552,Panel 1 x 2 x 2 [Side Supports / Hollow Studs],23,Plastic
87580,Plate Special 2 x 2 with Groove and Center Stud (Jumper),9,Plastic
87609,"Plate Special 2 x 6 x 2/3 with 4 Studs on Side, 1 Support Wall on Bottom",9,Plastic
87617,Cylinder 1 x 5 1/2 with Handle (Friction Cylinder),32,Plastic
87618,Bar 5L with Handle (Friction Ram),32,Plastic
87620,Wedge 2 x 2 Facet,6,Plastic
87926,Cylinder Half 3 x 6 x 6 with 1 x 2 Cutout,20,Plastic
87994,Bar 3L,32,Plastic
88072,Plate Special 1 x 2 with Bar Up [Horizontal Arm 5mm],9,Plastic
88292,Brick Arch 1 x 3 x 2,37,Plastic
88293,Brick Round Corner 3 x 3 x 2 Dome Top,20,Plastic
88646,Plate Special 3 x 4 with 1 x 4 Center Studs [Plain],9,Plastic
89522,"Creature Body Part, Horn (Unicorn)",75,Plastic
89678,Technic Pin 1/2 with Friction,53,Plastic
90194,Wedge Plate 3 x 4 with Stud Notches [Reinforced Underside],49,Plastic
90195,Window 1 x 2 x 2 Castle,16,Plastic
90258,Brick Special 2 x 2 with Grooves and Axle Hole,5,Plastic
90398,Minifig Trophy Statuette,13,Plastic
90462pr0004,Headdress Mummy with Thin Blue Stripes Print,65,Plastic
90540,"Bar 3L with Handle, Stop Ring and Side Stops (Minifig Ski Pole)",32,Plastic
91405,Plate 16 x 16,14,Plastic
91501,Panel 2 x 2 x 1 Corner,23,Plastic
91988,Plate 2 x 14,14,Plastic
92107,Plate Special 6 x 8 Trap Door Frame Horizontal [Long Pin Holders],18,Plastic
92280,Plate Special 1 x 2 [Top Clip],9,Plastic
92438,Plate 8 x 16,14,Plastic
92593,Plate Special 1 x 4 with 2 Studs,9,Plastic
92690,Bar 1L with Top Stud and Two Side Studs,32,Plastic
92947,Brick Round 2 x 2 [Grill],20,Plastic
92950,Brick Arch 1 x 6 Raised Arch,37,Plastic
93061,Arm Skeleton Bent with Clips at 90° [Vertical Grip],60,Plastic
93094,Lipstick [Plain],27,Rubber
93095,Panel 1 x 2 x 1 with Rounded Corners and Central Divider,23,Plastic
93273,Slope Curved 4 x 1 Double with No Studs,37,Plastic
93274,Bracket 1 x 2 - 2 x 4,9,Plastic
93550,Weapon Sword / Foil / Épée,73,Plastic
93606,Slope Curved 4 x 2 No Studs,37,Plastic
96874,Brick and Axle Separator v2.0,56,Plastic
973c27h27,"Torso, White Arms and Hands [Plain]",60,Plastic
98100,Brick Round 2 x 2 Truncated Cone,20,Plastic
98138,Tile Round 1 x 1,67,Plastic
98138pr0102,"Tile Round 1 x 1 with Blue Squares, Pixelated Eye of Ender print",67,Plastic
98138pr0185,Tile Round 1 x 1 with '5' Coin print,67,Plastic
98283,Brick Special 1 x 2 with Masonry Brick Profile,5,Plastic
98313,Arm Mechanical with Clip [Thick Support],60,Plastic
98560,Slope 75° 2 x 2 x 3 [Solid Studs],3,Plastic
98585,"Large Figure Weapon, Barrel with 2 Pin Holes and 3 Axle Holes",41,Plastic
99206,Plate Special 2 x 2 x 2/3 with Two Studs On Side and Two Raised [Solid Anti-stud],9,Plastic
99207,Bracket 1 x 2 - 2 x 2 Inverted,9,Plastic
99301,Slope 33° 3 x 3 Double Concave,3,Plastic
99563,Tile Special 1 x 2 with Sloped Walls AKA Money / Gold Bar [Ingot],15,Plastic
99780,Bracket 1 x 2 - 1 x 2 Inverted,9,Plastic
99781,Bracket 1 x 2 - 1 x 2,9,Plastic
